Episode,SMILES,Reward
3,ClC1=C(C23ON2O3)O1,27.84368425771349
4,OSOC1(N(Cl)Cl)N2N=C3N4OC(Cl)(N5N(OF)C56SC(Cl)(Cl)S6)C31C4(Cl)N(Cl)O2,2.36345180540318
10,CC(F)C1(O)C2(Cl)OC3=C(N(N)F)SN4C5(O3)N(SC(F)(Cl)SCl)C4(C(F)CO)C521,33.35229998999232
11,FC(Cl)(Cl)Cl,43.581981279771746
16,FSOC(Cl)(OCl)SCl,59.535756614041176
25,NCC(F)SC(Cl)(OCl)C1(F)C2(F)SOC2(OSF)C2(F)C3(F)SN3C21Cl,31.369576447415533
26,FOSC(F)(F)SCl,19.93627424058716
28,ClOC12OC1(SCl)S2,14.368812248540719
29,FC(F)(Cl)SCl,39.54240406066896
33,FC(Cl)(Cl)Cl,45.979654055948075
34,FC1=C(Cl)O1,39.75965865639364
36,FSC(F)(F)C1(F)SC12SC1=C2S1,44.134398056962425
37,FC1(OSCl)C#C1,0.7834274575621546
51,FSSOC(F)(OCl)SCl,63.210375597436965
54,FOSSC(F)(F)SF,60.51475392151043
56,FC(F)(Cl)C(Cl)(Cl)Cl,111.43651689818869
62,FC1(Cl)N=C(Cl)O1,13.651824611125068
78,ClSC12C#CN1OSOS2,47.821358990601404
82,FC(F)(F)SSCl,38.56242188109619
83,FOC(F)(F)Cl,40.635245770679184
87,FOC(OCl)(SC12SN3SN1N32)c1[nH]sc1Cl,65.6466795977669
88,ClSSC(Cl)(Cl)Cl,87.28511878421148
89,ClSC1=NC12SN2ON1OSSSO1,29.016743092654973
93,FC(F)(SCl)C1(F)SSC1(F)OCl,80.04196329350727
94,FOC1(F)OC1(Cl)SC(Cl)(Cl)SF,65.38102465079827
99,FC(F)(Cl)C(F)(Cl)SSN1SN2ON3N(OCl)SSOC13SS2,29.6366907005878
102,FOC1(SC23ON2S3)OSS1,29.783096268772695
106,FOC(F)(F)F,40.74647923057701
108,FOC12OC(F)(Cl)SN3C4CC#CC3(F)N3C(SF)(N(S)OCl)SC31N(O4)S2,23.571281080138565
109,FSOC1(SF)N=C1F,5.309804148034613
113,FON(OSF)C1=NC2(Cl)SC12F,40.36810351899868
117,FSSSSC12SC1=C(F)N1OC(F)(F)C12Cl,43.50077762344979
124,FOC(Cl)(C(Cl)(OCl)SCl)C1(F)SOSS1,50.043350568469904
128,FC(F)(F)SSCl,38.098985027525714
130,FSC(F)(F)Cl,36.993354292629974
138,FOC1(Cl)OC1(Cl)Cl,18.307862043060698
146,FC1(F)Sn2nnn1o[nH]2,8.09660754865694
148,FC(Cl)(SSCl)SN(SCl)C(F)(Cl)Cl,43.47116176950769
150,OON(F)C(F)(Cl)C1=C(SSCl)C(F)(OSF)C2(F)C3=NC2(SF)N1O3,13.933327177672318
154,FSN1OSC(Cl)(SCl)C(F)(F)S1,56.039426481548105
155,ClC1=NO1,29.95210174841927
168,FC(F)(SOSCl)C(F)(Cl)n1soss1,60.50238056245412
169,FC(Cl)(C(Cl)(Cl)SCl)C1(Cl)SS1,57.98413940495016
173,Clc1c2sn1-2,34.68940325917651
177,ClSC(Cl)(Cl)Cl,35.36728915324052
179,CSSC(OF)(N1OC2(C(F)(Cl)Cl)OC12OF)C(Cl)(C(F)Cl)C(Cl)(Cl)N(F)OF,30.541308899044303
181,ClOn1nnn1C1=NS1,17.97864055690481
184,FOC1=NS1,11.258507149720485
187,n1o[nH]n2oc1-2,9.295425054700118
190,FOSC12N=C1O2,8.666722153023487
191,FOC(F)(F)OF,24.57601609988723
192,FC(Cl)(OCl)SCl,16.927818001785926
206,ClC1=NS1,25.542713378441622
207,FOn1on1SOC(Cl)(Cl)Cl,76.69525504642175
208,FSC(F)(OCl)SF,23.32874520321488
209,ClSn1sc2c#csc3on1c3on2,52.27900660309494
212,FC12SSC1(Cl)OC2(Cl)Cl,69.2442262152978
213,FSOC(F)(Cl)OCl,8.18961289094383
214,FSC(F)(F)Cl,34.89280568770325
226,FSOC(Cl)(OSCl)SOSC(Cl)(Cl)OSSF,42.67223886977846
227,FSC(F)(Cl)OCl,12.833441028862477
230,FSON1C(Cl)=NC2(F)C1=NC1(Cl)OSON2C1(F)Cl,42.58333619270118
237,Clc1c2sn1-2,34.92614435546772
240,FOC1(F)ON1C(F)(OCl)SCl,46.57611766565099
245,FOC(Cl)(OF)C1(Cl)N=N1,10.45753759949089
248,FC1=NC1(F)OC(Cl)(Cl)SOC(F)(F)SCl,49.75620098075819
251,FSOSC1=NN2OC12Cl,27.995228899819267
254,NN1N2C(OF)=CC1(S)C1(SF)ON(SOC3(F)OSC(F)(OF)OS3)C21,46.6688655482929
258,FSC12OSC(F)(O1)C2(Cl)SCl,56.45346697369766
263,FSC1(Cl)N=C1Cl,10.159945926417734
268,ClC1(Cl)SOC2(n3c4[nH]c3=4)N=C12,67.40999953698773
270,FC(F)(Cl)Cl,45.247332410201686
271,FC(F)(F)Cl,46.08595881844904
273,FON1OC(Cl)(SCl)SSSSS1,51.54747623516551
280,FC1(SCl)N(SCl)C1(Cl)SCl,45.33932411204857
291,CONN1C2=NN(F)C21SSN(SC(F)(Cl)C1(C2=NO2)SN=C1OF)n1os1,21.296665280406053
294,FC(F)(F)SCl,42.23303059164307
296,FC(Cl)(SCl)SOSCl,58.13852380809488
299,FOSC(F)(Cl)Cl,24.7449537900259
305,FC(F)(Cl)Cl,44.36588050883786
309,ClOc1osc1Cl,29.08566879571039
311,FC1(Cl)OC(Cl)(SCl)C(Cl)(OSn2os2)C2=NC1(F)O2,54.55626471521305
312,FC1(Cl)ON2OC1(F)OC2(Cl)Cl,48.73407161185193
316,FSOSC(F)(OCl)SSCl,51.2773722516411
317,FSSC1=NC(Cl)(N2N3OC32Cl)C1(F)F,41.75796193856179
318,FOC(Cl)(SCl)C1=NO1,14.49085199111469
321,FC(F)(F)Cl,44.69329141918282
322,FC1(N2SN=NN2SCl)OSS1,28.46924483281861
327,ON1OC23N=NSC2(OS3)N(OSSF)OC2(Cl)C(F)(F)C(OCl)(OCl)C2(Cl)O1,22.035659826203453
332,FC(Cl)(Cl)SCl,38.70521596704211
339,FSC(F)(Cl)n1on1F,15.309992867781183
341,FOC(F)(Cl)SSF,5.665885143272948
353,FON1SOSSC(F)(OF)S1,42.777085482450715
355,FC1(Cl)SC1(F)Cl,15.315572667583604
359,FSOC(F)(Cl)SOSC(F)(F)SSF,43.305272474643246
364,FC1(F)N=NSN(OSCl)O1,55.0047129544971
365,NN(S)NC1=NC2(Cl)N3OC45ON3N4N=NN(OCl)SSC5(OF)SC2(SSF)O1,20.801813321489245
366,FC1(SCl)SC12SC21ON1N1SC2(SSCl)C=C(n3[nH]n3S)SC(OSCl)(O2)S1,19.4999934132669
369,Fn1n(C(F)(F)F)osn1Cl,35.25726709212034
370,n1c2sn1-2,34.644609686918336
372,FC1(Cl)SSN(C2(Cl)ON2SOSCl)S1,28.78250537362664
380,FOC(Cl)(N(SCl)C(F)(SCl)SCl)C(F)(Cl)SSCl,45.422577329726344
383,FOC(OF)(OSOCl)SF,65.70304964878613
386,FSC(Cl)(Cl)C12OC(Cl)(Cl)OSC1(N1SC1(Cl)n1c#cn1Cl)O2,12.899752666267734
389,FC12SC1(F)C1=C2S1,7.63695491351189
397,FC(Cl)(Cl)OCl,39.65193155283926
414,FSC12ON3SOC(=C(OCl)C3(SF)S1)S2,53.08097983956971
415,FOSC1(Cl)ON(OF)N(C(F)(F)OF)S1,30.933253653186668
416,FSC(F)(Cl)Cl,35.705527528401355
417,FOc1soc1Cl,24.409499305499157
418,FOC12C34ON=C(F)C(=C3Cl)C1(F)SSC(SCl)(OC(F)(SCl)C2(F)Cl)O4,44.97005277218449
421,FC(F)(Cl)OCl,41.659569094082485
422,ClON1OSC1(Cl)Cl,2.692232614665198
428,FSOC1(F)C(F)(Cl)C1(OSF)SN1OSS1,30.45166395574363
431,FC1(Cl)N=C2SC3(S1)N2N3C1(OCl)OS1,36.306259885915075
433,FSSC(F)(Cl)SF,65.27402074173162
434,Fc1c2on1-2,28.24855273763059
439,ClC(Cl)(Cl)Cl,46.70862145691842
441,ClON1N=C1SSSCl,81.94172555106783
442,FC1(Cl)N=NN1OCl,5.777548863019675
444,FOC1(Cl)C#CC1(Cl)n1s[nH]os1,62.29607369397851
447,FC1=C2c3o[nH]on2c31,17.681362959208112
449,FC1(Cl)OS1,2.7411287640279323
450,ClC(Cl)(Cl)SSn1[nH]o1,84.62327956885784
453,n1c2on1-2,29.91078115437005
455,FC(F)(F)SCl,43.72977140983715
457,FSC(F)(Cl)SSOCl,49.90681601240323
458,ClSC(Cl)(Cl)Cl,35.920462939197535
462,FC1(F)OC(F)(Cl)S1,21.82622691642346
472,OOC(F)SC1C#CC(OF)(OS)C2(F)SN(C(F)(F)OSCl)C3(Cl)N=C(F)C2=C13,14.465384531498145
476,FC(F)(Cl)SSCl,26.23567181669013
485,CNOC(CCl)(SCl)N1SON(SSON(OC(F)(Cl)OF)C2(F)SSS2)SS1,5.556715288557922
486,Fc1nn(SCl)s1,30.190071014519162
491,FC(F)(F)OCl,40.62444429747479
503,FOC(Cl)(Cl)C(Cl)(Cl)OCl,104.57107855774592
505,FC(F)(Cl)OCl,39.5885464488929
507,FC1(F)OSS1,9.867264501001696
509,FOC(Cl)(Cl)C1(F)OS1,6.225978970984436
516,FOC12OSOC(F)(SF)C(=C1Cl)S2,63.88679839246269
524,FC12OC(F)(Cl)C(OCl)(n3os3)N(C(Cl)(Cl)SOCl)SON1ON=C2Cl,18.012339849817064
529,FOC(Cl)(OCl)C(F)(OCl)C1(F)OSS1,49.96211712249767
537,FC(Cl)(OCl)C(Cl)(Cl)SCl,100.0085142208543
540,FOC(Cl)(SCl)N1C(Cl)(SF)C1(OCl)SF,43.74076941997157
547,FC(F)(F)Cl,45.45250207079288
553,FON(SSSF)C(F)(Cl)C1(F)n2on21,35.971749146649415
554,FC1(C(Cl)Cl)SC2(Cl)OC(OCl)(SOC3=NC4(S3)N3C(F)(Cl)C34Cl)SOSN21,6.737897679321177
557,FOSSN1ON(SCOSNCl)SSC(OCl)(SSF)OC(Cl)(SCl)S1,2.9428882154992166
559,FC1(Cl)SC1(Cl)Cl,22.012339715022918
560,o1c2sc1=2,29.547933087795094
564,NSC1=C(Cl)SC1(SF)C(Cl)(OF)C1(C2(Cl)SS2)C2(Cl)N3SSC321,11.647393476809151
567,FC1(Cl)C(Cl)(Cl)SC1(Cl)OCl,81.92157315993757
569,FOC1(SSCl)OSSS1,57.60280100583708
572,FC(Cl)(Cl)SSSCl,87.00320443924633
574,FC(Cl)(Cl)Cl,46.410562934732944
577,FC1=NS1,23.925822638412086
580,ClSC1(Cl)N=C1Cl,16.339547617282527
581,FOC(F)(Cl)Cl,37.90071530700016
582,OC(ON(OC(S)S)SCl)SC12OSN(SN1OC1(Cl)C#CC1(F)OCl)S2,22.26237616329374
585,ClOC1(Cl)SS1,3.0447719482318467
589,CN1SON=c2c3sn(on2OCl)N2C4=C(S4)C2(F)C12N=C(Cl)SOC2(OF)C=3N,33.68793976807749
597,FC(F)(OCl)C1(OSCl)OSN2N=C3OC3(Cl)C2(Cl)O1,59.29468080277236
604,FSC1=NC1(F)F,21.719165892559595
610,FOC(F)(Cl)OSSSF,48.66029348193329
616,FOC(F)(Cl)OC(F)(OF)C(F)(Cl)Cl,71.97572980422007
622,FC(F)(Cl)C(Cl)(Cl)C1=NO1,107.86923606279791
623,FOC(F)(Cl)SCl,14.443446680836102
631,FSC12SOC3(N=NN1OC(F)(Cl)S3)N2OSCl,60.74361631066152
632,FOSSC(F)(SF)SCl,59.477536897668934
633,FC(Cl)(OSCl)ON(OCl)ON1OC1(Cl)OCl,35.23619592770018
634,FC(Cl)(OCl)SCl,14.328750841315646
636,Fc1[nH]n(F)c1Cl,20.371108770803517
637,FOC(F)(F)C12C#CON3C(F)=C(OCl)SC(SSF)(N1SS2)C3(Cl)SCl,4.394998394971971
638,FSN(OCl)Sn1osn(C2(Cl)OS2)sss1,23.025495317449437
640,FSC1(SSCl)OSN1C1(Cl)OSS1,30.702787618146242
648,FOSOn1c#co1,7.064831036431043
649,FC(Cl)(SCl)SSCl,65.99583044913904
650,FSC(F)(Cl)OC1=C(SCl)C2(F)SON12,46.1262370817546
652,FC1=NO1,28.487232802094425
656,NOC1(F)ON2ON3N4SC4(Cl)OC31C(Cl)(Cl)SN(SCl)ONNN2F,11.04054693216743
658,FC1(F)SN1SC1(SCl)N(SCl)C12OC2(F)Cl,32.63961370333851
664,FC1(F)SC1(F)Cl,20.934528682554337
668,FOC(Cl)(SF)SSOSCl,40.82275084175065
671,FOC1(Cl)OC12OSC2(Cl)SCl,53.57130482369024
674,FOC1(F)SN(SF)C#CSSC1(F)Cl,40.88159578995995
675,FOC(F)(SSF)C(Cl)(OF)N1OSOC12SC1=C2S1,33.41139299846033
679,FC1(Cl)ON(SCl)O1,13.109146394833576
680,FC(F)(F)Cl,43.71600158167074
691,FC1=C(C2(Cl)SN2SN(SCl)n2[nH]s2)C1(F)Cl,47.94752692766755
693,FOC(F)(F)Cl,40.402130578630164
697,FOSC(Cl)(Cl)C1(SCl)OS1,59.12962570745687
705,FOC(F)(Cl)SCl,13.662119776580388
715,ClSc1no[nH]1,35.1598234358181
716,FOSC(Cl)(Cl)c1o[nH]c1Cl,88.52007571725055
718,ClOC(Cl)(Cl)Cl,38.39890015262657
722,FC(F)(Cl)Cl,44.203615077383844
726,FC(Cl)(Cl)Cl,46.410562934732944
730,FSN1SON1C1(F)SS1,41.079768432178845
732,FSSC1(F)OC(Cl)(OCl)SS1,73.37105143168134
735,FC1(OCl)OC(Cl)(SCl)S1,78.45093126842268
738,CC(F)C(F)(OCl)C12SC3(F)SC1(Cl)SC(SCl)(SSF)C(F)(C(F)=C3SSCl)C2(F)OCl,11.966063280448145
741,FC1=C2OC1(F)OC1(Cl)SC#CN(SOS1)S2,50.5982519273103
744,FC1(Cl)n2[nH][nH]on21,0.7404327029285831
747,FSC12OC1(SCl)O2,20.106218370503864
752,FOC(Cl)(Cl)N(SOCl)N(N1SSS1)C12N=C1O2,27.727834510313468
756,FC1(OC2(F)SC(Cl)(Cl)C2(F)OCl)ON2N(OS1)C2(F)Cl,24.20387284937668
757,FOSC1(F)OC2=NOC21Cl,61.46810147624671
763,ClON1C(Cl)(OCl)C2(Cl)C(Cl)(OC34N=C3N4C34ON3N4n3os3)C12SCl,46.20024353725739
764,FOC(F)(F)Cl,40.9327785203422
766,FC12OC3(SSS3)N1S2,30.380412724817347
768,ClC1=NC1(Cl)Cl,30.08180047223734
769,FSC1(Cl)SC1(Cl)OCl,69.12714822607593
774,ClC12C3=C1C32Cl,23.83711925936571
781,ClC1(Cl)N=N1,19.508925448322678
782,FSC(F)(F)SOCl,18.930595320864583
787,FC1(Cl)OS1,2.0730525624247047
788,FOC1(F)OC(Cl)=NC(F)(SC(F)(Cl)SOCl)N1SOCl,31.462831085374855
796,FC1(F)OS1,13.047522857331604
802,ClSC(Cl)(Cl)Cl,33.994818554912875
804,FC(Cl)(Cl)n1[nH]o1,25.81837488429099
805,FC1(SSCl)OSSC1(Cl)Cl,57.371878145570236
808,FC12SC(Cl)(S1)C(F)(F)N2C1(F)C#CC1(F)Cl,49.6753876597464
821,FC1(SCl)SSC1(Cl)OCl,72.61075447802503
831,FSC1=NN(SF)SS1,58.27528079349445
835,FOC1(Cl)OC1(Cl)C12C(OCl)=C1C(Cl)(SSC(F)OCCl)OSOC2(Cl)OF,23.507603086017276
842,FC1(F)OS1,10.023867129994233
848,FOC1(OSC2(SF)OS2)C#C1,30.528852518921237
850,FSC(F)(F)C(F)(F)Cl,33.590054325737384
867,FOC1(Cl)SSN(SSN(OCl)N2C3(SOCl)OC4(Cl)NON(SCS)C(F)(OC24F)SS3)S1,0.4303091351564525
870,FSN1N=C2SC3(F)C(F)(OCl)C3(Cl)C1N(C(SCl)SSS)C(F)=C2F,37.78391181003714
877,FC1(SCl)OC#COSC(Cl)(Cl)O1,53.10997013054712
893,FSC1=NS1,14.174886184195548
895,FC1(Cl)OC(Cl)(C(F)(Cl)SCl)S1,86.36752822598471
909,FSC(F)(SCl)SCl,90.96615099995962
911,FOC1(F)C2(SCl)SN(SC3(Cl)OC1(F)C31NC(S)O1)C(F)(SCl)S2,22.320954866183108
921,ClOc1c(Cl)n(Sn2[nH]o2)n1Cl,92.19124709320842
923,FC1=C(Cl)O1,40.08807953602116
928,FC(OCl)(OC12SC1(C1(OCl)OSC(Cl)(SCl)C1(F)NS)C2(Cl)Cl)SCl,38.5976067436814
931,FSOC1=C(SSCl)S1,73.66052613366345
933,FOC1(F)SN1OC(F)(Cl)SSSF,24.98973050830022
934,FC1(SCl)OS1,4.153537369351466
937,FSC(OCl)(OCl)N1N2OSC3=NC321,45.267888126951966
940,FC(F)C1(F)SC2(F)SC(SCl)(N3OSN4N(O3)N(OC(F)(Cl)Cl)C4(Cl)Cl)C21Cl,17.339314022239204
944,FOC1(Cl)C2=C(SF)C1(F)O2,70.55024555350404
948,FSC1(OCl)SS1,0.27328226583823767
950,ClOC1(Cl)SC(Cl)=C2SSN21,42.76930334140981
951,FOC1(F)SOC(Cl)=C1Cl,78.08213124042145
957,FSC12SN(Cl)C1(ON1CC1)C(Cl)(Cl)N1N2C1(Cl)SC1(Cl)C2(Cl)OC21Cl,14.587152622972269
959,FC(Cl)(Cl)OSCl,21.01477934550337
960,FSN1C2(Cl)SC(Cl)(Cl)C12SF,40.19730626233472
964,ClOSN1N2OC3=C4N3SC421,26.26084308598069
965,FSC1(Cl)OC12C(OCl)=NN2C1(OCl)N(On2[nH]o2)C1(Cl)SCl,35.35597762509197
967,FC1(Cl)SC1(F)SSN1OC12SC1(F)ON3C(Cl)(OCl)OC31S2,36.5033655231327
974,FC1(F)SN1C1(OC2(Cl)C3=C(Cl)N32)SS1,47.850062780791056
977,FSC1=NC(F)(Cl)C1(Cl)Cl,69.07343518290351
980,FC1(F)OC1(Cl)Cl,32.555817511191854
981,FC(F)(Cl)C(Cl)(Cl)SSCl,83.75118134858297
987,FC1(Cl)SOC2=C1OC(Cl)(Cl)O2,64.31618631646576
999,FC1(Cl)SC23C(Cl)=C2N3C1(F)OC12OC1=C(Cl)S2,52.343981162111625
1001,FC1(F)N=C1OCl,22.843868919269685
1007,FC12N3N4C3(Cl)C41C2(Cl)Cl,34.794204141828914
1009,FC(Cl)(OCl)C(F)(Cl)SCl,99.98391352331636
1012,FC1(Cl)OC1(Cl)Cl,26.101505076647864
1013,FON1SC1(SSF)C(F)(F)F,50.662736478740946
1014,FC12ON1C(n1[nH][nH]1)=NC2(Cl)Cl,42.516434494280674
1017,FSC(F)(F)Cl,34.70216396627263
1018,FOC(Cl)(SCl)C(F)(SC12SSC1(NCl)C2(F)OS)C1(Cl)C(F)(F)SC1(Cl)OCl,26.12393106118318
1025,ClSC(Cl)(Cl)Cl,35.61147377829329
1026,CN1OC1(F)OC1(F)C2(F)C(Cl)(SF)SSOC12C(F)(OSF)C(F)(F)SF,40.67205653308328
1033,FSc1n[nH]s1,30.696068899712454
1045,FOC(Cl)(Cl)N(ON1C(Cl)(Cl)OSC12C1(S)SC12Cl)C(OCl)(SCl)C(Cl)(Cl)SF,6.565517913625573
1046,FOC1(Cl)N=C(F)C12OC(Cl)(SF)OS2,52.34944959143221
1050,FC1(F)C(F)(Cl)C1(F)Cl,23.59226704734585
1053,FC12OC1(F)N2OCl,11.1358848116533
1055,FSC(F)(Cl)SC12SC1=C2Cl,56.979004500505646
1058,ClOC12SC3=NC34C1=NON4OSN2OSSCl,46.15849739840645
1059,FC(F)OC(F)(Cl)C1=C2N3C4(C#C4)C3(OSCl)C3(F)n4nc1n2n(SCl)[nH]on43,22.882121203122203
1065,NSNC12OC1(Cl)SC1(SN3SC3(F)N(SF)SN3SC(F)(OF)OC3(Cl)OF)SN12,9.574707946886114
1067,FC(Cl)(Cl)OCl,38.48089828932657
1073,FOSSC(F)(F)F,13.83036619205263
1078,CSSC(Cl)(ON(F)OSS)ON(SSSC(Cl)(ON(OF)SSCl)SF)C1(Cl)SS1,2.39545453397729
1079,FC1(Cl)OC2(OCl)SN1N=NSOSN(C1(F)SS1)S2,24.537618747066002
1082,CC(N)SON1OSN1SOSSSSN1SN2SN(SF)C(F)(Cl)C13C(F)=C23,10.020272355791981
1084,Clc1osc1Cl,33.73546487625822
1085,FC1=C(SSCl)S1,27.06696904510547
1086,NC(S)SOC1(Cl)OC(SF)(SSCl)C2(N=N2)C1(Cl)C1(C(Cl)(SSF)C(F)(Cl)Cl)N=C1F,43.66359474024139
1089,FSN(C1(Cl)NN1)C(F)(Cl)C(F)(OC1(F)N2N3OSC1(F)C(F)(Cl)N2C#COS3)SF,15.816528356910144
1091,FOC(F)(Cl)C1(Cl)C#CS1,59.7193479244507
1096,FC(Cl)(Cl)OCl,38.36151906497185
1098,FC1(OCl)C(Cl)=C1Cl,41.12345202931513
1115,OC(Cl)N(F)N1C2=C1OC13N(N(OSCl)OC(F)(Cl)C(Cl)(OCl)OSF)N1C3(Cl)O2,6.37819876194181
1124,FC1(C2(Cl)SN3SSSC32F)OS1,34.07713596989216
1125,FC12N=C1C2(F)SCl,14.681684495441107
1127,FOc1n[nH]o1,23.2641887376294
1128,ClSSC1=NSC1(Cl)Cl,65.74222097947357
1131,FC(Cl)(Cl)C1(F)SC12N(SCl)C1=NC23N(SCl)N13,67.40924160315036
1140,CC1=C2OSC3(Cl)SC2(OF)C2=NC4(S1)C1=C(F)N(S2)C2(C#CC42F)C13Cl,17.181961216566986
1146,FSC(F)(OCl)C(Cl)(n1[nH]s1)C12ON3C(F)=NN1C(F)(F)C32Cl,40.06388279378196
1148,FOC1(SF)C2=NN1SOSO2,39.44221193641385
1150,FC(F)(Cl)OCl,42.762115871428364
1161,FOC(F)(F)OCl,32.65663311349366
1163,FC1(Cl)OS1,0.5788984766755347
1164,FC1=C(F)N1OCl,28.750472934795468
1165,ClOC1=NC1(Cl)Cl,19.97107449657973
1166,FSC(F)(Cl)Cl,37.13309099116284
1173,CCC1(N(SF)C(F)(n2[nH][nH]2)C(F)(F)OSC(OCl)(OCl)c2[nH]oc2SOCl)SS1,45.86116285991886
1175,FSC1=C(C(F)(Cl)C2(Cl)N=NN2OC2(Cl)OC(Cl)(SCl)S2)C12SS2,39.89491822640565
1178,FSC(Cl)(Cl)SCl,82.89504348086531
1186,ClC12N=C1O2,6.483023513370913
1190,FSC1(Cl)OSN1OCl,38.28787610877926
1191,FC1(N2N(OCl)SN2C2(F)N=C2Cl)C#CS1,56.49761853707566
1192,ClC(Cl)(Cl)Cl,47.60589737753648
1195,FC1(Cl)N(SCl)OSC2=NN3C4=C(Sn5os5)C2(SCl)C431,48.486004868440176
1207,FOC(F)(F)Cl,40.47453508519808
1213,FSC12ON1C1(F)SN1S2,38.33050462288831
1214,ClOSSC1(SSCl)OC(Cl)(Cl)S1,53.61799321327944
1220,FSOC(F)(Cl)Cl,22.894269465210645
1221,FSN1OC23N=C(F)C14N2C34Cl,22.58901080982509
1224,FC(Cl)(Cl)C1(Cl)SSN2N=C1N(OCl)C2(Cl)n1[nH]s1,50.80309387552526
1229,FOC(Cl)(Cl)Cl,36.50777630715453
1230,FC(Cl)(Cl)SSCl,86.50378266158755
1232,FSC1=C2OC21Cl,12.620081070659127
1234,ClOC(Cl)(Cl)n1c#co1,19.544374319328824
1236,CSC(Cl)SC1=C(Cl)SN2SC23SOC(F)(C2(F)N=C(SCl)C1(OCl)S2)C3(F)SCl,12.762474138786734
1237,FC(Cl)(Cl)C1(F)OC1(Cl)Cl,85.82684261661574
1239,FC(Cl)(Cl)C1(Cl)SC12C1=C(S1)C21C2(Cl)OC21OCl,64.53158854638734
1248,FSN1ON2SOC2(F)C2=C3N4OC(F)(SCl)SSN4C321,29.35672413006183
1249,FC1=NSC12SN2N1C23ON2C13n1[nH][nH]oo1,28.71978345710526
1251,FSC1=C(OC(Cl)(SCl)n2nns2)S1,72.70010703119499
1257,FC1(Cl)SC1(Cl)Cl,23.06111383004593
1263,ClC1(Cl)N=NSC1(Cl)Cl,67.82824502640968
1264,FOSOC(F)(Cl)SCl,60.77205913279797
1265,FC(F)(OSCl)C(Cl)(Cl)n1sn1Cl,56.42732372584062
1266,FC1(Cl)OS1,0.029601917277845002
1270,FC(F)(Cl)SOn1c2oc1=2,25.275212355927994
1271,FON1SC#CN(SSF)C1(SC(Cl)(Cl)SCl)C(F)(Cl)Cl,44.493300572412394
1272,FON1C(Cl)=C2N3OC4(SCl)C(Cl)(OC24F)SOSC12C(Cl)(OCl)C32F,33.55473982346175
1277,FSC(F)(Cl)Cl,35.764226143433895
1282,FC12ON=C1S2,9.168660510763731
1290,FC(Cl)(SC(Cl)(Cl)SSOSCl)C(F)(F)C1(Cl)OS1,41.56692755901598
1296,FC(F)(Cl)C1(F)OC1(F)F,19.08917221107776
1298,FC(Cl)(Cl)SSC1(Cl)C(F)(Cl)SC1(F)SOCl,63.56497275593351
1299,FOC(Cl)(OCl)SF,11.040574984149785
1305,FON1OC2(ON3C(F)(Cl)C13F)SOC(F)=NC2(F)C(F)(F)F,29.952385850138317
1307,FOSC1(C(F)(F)Cl)N=C1Cl,68.17905547685635
1310,Fc1[nH]oc1Cl,36.958166607048994
1311,FC(Cl)(Cl)Cl,45.63633193218732
1312,FON(OCl)c1[nH]oc1F,33.17218887360996
1321,NSSC(F)(F)N1OSN2SC3(OCl)N4OC5(Cl)OC53C21OS4,19.0202276806952
1323,FOC1(Cl)C2=C(C(F)(Cl)OCl)C(F)(Cl)N3N(OCl)N1N23,58.405962653333724
1326,FC(F)(OCl)C(F)(Cl)OCl,87.70305014465464
1329,FON1C(F)(OCl)C1(F)OC1=NC1(Cl)OSCl,37.6850912548424
1334,FC12SC1(Cl)C2(Cl)Cl,16.168835982783243
1336,FOSC(F)(Cl)OCl,6.635463025142384
1342,FSn1[nH]n1N1OC1(Cl)C(F)(Cl)Cl,61.47868753162083
1347,FOC(F)(F)Cl,38.70987805405481
1348,FON(OCl)OC1(F)N(C(F)(F)Cl)C1(F)F,47.42538115516592
1351,ClOSN1OC1(Cl)OCl,31.668925684216312
1353,OC1(SS)OC12C(F)(S)C1=NSC(Cl)(O1)C2(F)C(F)(SOCl)C12OC(F)(S1)S2,40.93389203263443
1354,FC1(SSCl)C#C1,2.6723605357912437
1360,FC(F)(Cl)Cl,45.58416165512567
1361,OSC(OSCl)(C(Cl)SCF)N1C(F)(Cl)C1(OF)C(F)(Cl)C12ON3C(Cl)(SCl)C31SSS2,17.23388605301689
1364,FC1(Cl)SS1,10.712966287287735
1366,FSC(F)(Cl)C(Cl)(Cl)SC(F)(Cl)N(n1[nH][nH]1)C1(Cl)N(C2=C(OCl)C2(F)Cl)OC1(F)F,49.200846997104016
1370,FOc1[nH]oc1Cl,34.55380513809198
1373,ClOC1(SCl)SS1,3.0352072589795602
1375,FSOC1=NOC(Cl)(SF)SSC1(Cl)OC1=C(C(F)(SCl)C(Cl)(Cl)OCl)S1,14.516414894715162
1378,FC(Cl)(SCl)SOCl,66.6301868658229
1379,FC1=NC1(F)Cl,19.025076265895397
1380,ClSSC(Cl)(SCl)C12ON1O2,56.39971473719026
1387,FC1(C2=NS2)SS1,3.155988268731884
1389,CC(F)(NNS)C(N)C1(F)OSN1SC1=NC(Cl)(C(F)(SSOF)C2(Cl)C(F)(Cl)C2(Cl)OF)S1,14.453293126620542
1390,FOC1(SF)OC12SC2(Cl)SCl,44.12556195187592
1391,FCOC1(F)OSC(Cl)(OF)C(n2[nH]s2)(C23OSC24SOC4(Cl)S3)S1,38.59157116765967
1394,FSC1(F)OC1(SCl)C(Cl)(SF)C1(F)OC1(N1C#C1)C1(F)OSS1,14.70221885266091
1397,FC1=NC(Cl)(SCl)S1,13.461277560027364
1401,FC(F)(SCl)SCl,26.08918481783801
1411,ClOSC(Cl)(Cl)SCl,67.02457644234323
1415,FC1(F)OS1,11.202352983599987
1420,FC(Cl)(Cl)SOCl,28.437832154307216
1421,NOSC(F)(S)C1(C2=C3SC4(SO2)SN(C2(Cl)OS2)C34Cl)SSC12NO2,13.625785807574873
1423,FC(Cl)(Cl)OCl,39.74826652862094
1424,FC1(F)N2N=C3SC(Cl)(SCl)C321,47.45826284097626
1429,FC1(F)N=NN(SCl)N1C(Cl)(Cl)SSCl,49.79557643512074
1431,FON1OC(Cl)(Cl)C(F)(Cl)C2(Cl)C3=C(S3)C12OF,66.68453715006171
1432,Fn1c2sc1=2,21.02972879141479
1443,FOC(F)(F)F,39.8409645220067
1447,FSSC(F)(F)C(F)(Cl)SCl,70.40507351980527
1449,ClC1=C2C3=NSC312,4.735055739928891
1452,FSC(F)(Cl)SC(F)(SF)SF,64.68824484842527
1453,ClOC1(Cl)N=N1,13.426939413962039
1455,FC1(Cl)N=N1,19.578516608009107
1457,FON(SN1N2OC21Cl)C(Cl)(Cl)OF,29.411679009681393
1459,FC1=NSC2(F)SOC12Cl,55.40803478150501
1461,FOC(SF)(C(F)NS)N(OC(Cl)(Cl)C(F)(OCl)C(F)(Cl)SCl)SCl,52.84797767874438
1462,FC(Cl)(Cl)N(OCl)C(F)(F)OCl,61.38084343541457
1463,FOC1(SCl)C(F)=C1SOC12OC(F)(Cl)N1SS2,37.157205555111815
1465,FONOc1nc2c(o1)N1N3C#COC2(F)C1(F)C1(Cl)OC1(F)OSO3,37.356661551703084
1469,FC1(Cl)SN=C1Cl,14.351271898289061
1474,FC1(Cl)SOC1(F)SCl,57.48673517200737
1477,FC1(c2soc2Cl)SSN1OCl,62.30678540398886
1489,FSN(OC1(F)SC1(F)SF)SF,42.72599902687669
1492,FOSC(F)(OCl)C(F)(Cl)Cl,71.8743764974963
1498,OCSOC12OC1(C(F)(SF)SN1C(SF)=NC1(F)OCl)C(F)(SCl)OC1(ON=C1F)C2(F)F,17.047318897399627
1499,FSC(F)(Cl)Cl,34.66341287258486
1501,FC(Cl)(OCl)OC(Cl)(Cl)SCl,75.66644573252483
1506,FC(OCl)(SCl)C1(Cl)C2(F)C3(F)SC2(Cl)C1(C1(Cl)C#C1)N3SCl,19.515805601445432
1507,FON(SCl)C12N(OC(F)(OSCl)OC1(F)C(Cl)(OCl)OSC1(F)ON1F)N2SCl,13.142637497611044
1512,FSC(F)(Cl)C(Cl)(Cl)Cl,94.37957927735593
1516,FOC(OF)(SF)C(F)(Cl)Cl,58.14156396126313
1518,FC1(SCl)c2osc21,21.633090499832115
1520,FC(F)(F)Cl,46.202753649735
1525,FC(F)(Cl)n1[nH]o1,25.439529815574964
1528,FSC(F)(F)F,36.53942927350992
1532,FC1(F)C#CN1C(F)(Cl)C(F)(Cl)SCl,44.27862406583377
1534,FC1(SCl)C#COSS1,43.64512457688517
1538,FSSSC(F)(Cl)SF,63.002343594536974
1543,FON1SC(F)(C(Cl)(Cl)C(Cl)(OF)OCl)C1(F)SF,42.262785856388064
1547,FC(Cl)(Cl)C1(Cl)OS1,11.786683186935278
1549,FC1(Cl)OC12N=C2SCl,2.8665822097272518
1552,FOC(F)(Cl)OF,19.816981682887732
1556,FC(F)(Cl)C1(F)OS1,7.580456869432613
1562,FC1=NC(F)(Cl)O1,13.442238433841641
1563,FC12SON3SC(Cl)(SCl)N3C13SON23,19.02440488164144
1564,FOC1(C(F)(F)Cl)N=C(SOCl)S1,84.09271100702327
1582,FSSSC1(Cl)C(F)(Cl)C12OS2,44.58082340688833
1583,FC1(OCl)Sc2s[nH]c21,30.312806486770274
1585,OCSC(Cl)(OF)C1(Cl)N(C(Cl)(Cl)Cl)OC2(Cl)SC1(F)SOC2(F)F,35.35595037633998
1586,FOC(F)(F)SSSSF,57.806997129444945
1592,FC(F)(F)C12N(OCl)C1(Cl)C2(F)F,54.80611696573813
1595,FSC(Cl)(Cl)Cl,34.57557255080026
1596,FSSSC(F)(F)F,26.167734345012835
1601,FSC(F)(N1SN=NS1)C(F)(F)Cl,52.90532609965929
1603,FC1(F)OC1(Cl)OSCl,8.917854797242446
1608,FOC1(OCl)ON1OC(F)(SCl)C1(Cl)N=NO1,45.00313162406035
1614,FOSSON1N(OSF)C1(F)N(SSF)C1=C2N1C2(Cl)SC1=NC1(F)Cl,12.835638107303419
1621,FC(F)(Cl)Cl,45.449544611692495
1624,FC(F)(SCl)SSCl,80.90023198410032
1631,FC(Cl)(Cl)SCl,40.319450784713034
1638,FC1(F)OC1(F)Cl,21.32032318222387
1642,FC(F)(OSOC1(SCl)SC1(Cl)Cl)N1SSN2SSN2C(Cl)(Cl)S1,15.725493159873237
1646,FOC1(Cl)ON=C1C(Cl)(OC(F)(F)Cl)SF,72.69588726198279
1659,FSn1[nH]n1SSSSC(F)(Cl)Cl,69.39462069386272
1660,FON(SSCl)C(OCl)(SCl)C1(Cl)N(OCl)SC1(F)OF,30.894679748631194
1666,FOC(F)(F)SSSF,66.03567470360538
1671,FC(F)(F)OCl,43.47059010395675
1674,FC(Cl)(Cl)Cl,44.87267968364712
1675,FSC1(Cl)N=C1F,11.4621569986947
1677,FC(Cl)(Cl)SCl,40.94600251927168
1678,FOC12SC3(Cl)N=C(C4(ON=C1Cl)n1sn14)C32OC(F)(Cl)Cl,60.41573099087671
1682,FSN1N2OC2(C2(F)C#CS2)SSC1(Cl)Cl,26.086221094509295
1683,FOC1(F)C(F)(Cl)C1(Cl)N1SC1(F)OCl,40.12120043276978
1693,FOC(F)(F)OSCl,21.51423179268717
1698,FSC(F)(SSCl)C(F)(Cl)n1[nH]o1,59.84572046932872
1709,Fn1c2oc1=2,11.213998678437568
1717,FOC(Cl)(Cl)SCl,19.337986706036745
1721,FSN1OC(F)(Cl)S1,4.6478117739082
1723,FC1=C(Cl)S1,39.43668126659324
1727,FSSC1(F)N(SF)OSN2N3N1SC1=NC123,30.83034050242437
1728,FOC1(OSCl)SSN(OCl)N1SCl,46.750031041225135
1739,NN1NC2(SS)C(SOC3(F)OC3(OF)C3(Cl)N=C3F)(N(F)CF)SN3OC132,16.912810886954713
1741,FSC1(Cl)OC2(F)N(N3SC4(SSN4S1)C3(F)C(F)(F)Cl)C2(S)Cl,23.23819226131904
1742,FOSSC1(F)SC(Cl)(OCl)S1,64.30233478210667
1744,CC(Cl)(C(O)SOC1(F)N2SC(F)(Cl)C21SSCl)C(N)(CSF)SSO,8.767763193439896
1751,FC1(OCl)OC1(OCl)C1=NN1OCl,76.53209103526731
1754,FC(F)(OCl)SCl,32.35431897783097
1755,FC1(F)SSN2SSC21Cl,51.424191432187605
1766,FSC(F)(Cl)OCl,13.395905180322558
1769,FSSC1(F)ON2C(F)(Cl)OC21SSC(Cl)(Cl)SF,47.317708516734434
1770,FSC1(F)OSO1,12.94923601374438
1774,FSC(F)(F)Cl,34.47561213325107
1776,FOSC(F)(F)OSSSCl,58.433065162832584
1777,FC(F)(F)SCl,44.204565303929876
1778,NSCN1OC1(ONS)C1=C(Cl)C2(F)SN=C1N(OSOSF)SON(C(F)(OCl)SCl)S2,6.493995731726726
1786,FOC(Cl)(OSF)SC(F)(SF)C(Cl)(Cl)C(F)(Cl)OCl,41.956276258170604
1788,FOC1(C(F)(Cl)SCl)SSC1(Cl)Cl,61.78061245374203
1789,FC(Cl)(OCl)OC1(F)N=NC12OS2,42.36028969639163
1790,FSC12OC1(OC1=NC1(F)Cl)SN2OSCl,35.53384622963442
1791,FSN1OSC(OCl)(SF)O1,40.66835791222861
1798,FON1C(F)(Cl)C1(Cl)Cl,5.854793619857508
1800,FC1=C2SC12OC(F)(F)Cl,26.51283162362863
1801,FOC(F)(Cl)C1=NO1,26.77187583447898
1804,FC(Cl)(Cl)Cl,44.677193127830954
1807,FOC(F)(OSSF)C(Cl)(OF)SSCl,40.67343007085088
1811,O1C2=C3OC23n2sn21,0.7735300735224118
1812,FON(SCl)N1SSSC1(OF)SCl,40.93901964834609
1813,FC12SC1(Cl)S2,17.980451650158265
1816,FOSOSN1C2(Cl)N(SCl)C12SSSF,21.79347421836024
1819,FSOC(Cl)(Cl)SC1(Cl)C2(F)C34SN3C142,40.84766232183087
1824,FC(F)(Cl)Cl,43.81876007842715
1828,FSC(F)(F)Cl,36.1431148740288
1829,FC1=NS1,24.574044518214816
1836,FC1(F)OC(Cl)(C(Cl)(OCl)C(F)(F)Cl)O1,91.54928306278663
1837,FC1(Cl)SOC2(Cl)N3C(Cl)(Cl)N=C(Cl)OC312,40.16548638316592
1841,FSOC(F)(ON1OC1(Cl)C12ON3C45SSC34C1(Cl)N2SC(F)(Cl)S5)SF,19.051216066375424
1846,FSSSC(F)(SCl)C1(Cl)OSS1,46.89543897137182
1852,ClSC1(Cl)SS1,3.1639375509595444
1854,FC1=NC1(F)SCl,19.015942094450622
1859,FSC1(SCl)SN2SC(Cl)(Cl)SN21,54.00327909454802
1876,FSC12SC1(Cl)C(Cl)=C1OC2(Cl)S1,59.44363404966927
1891,FC(F)(OCl)SOCl,20.979698996946293
1893,CCNC1(OCl)ONSC1(SF)SC(F)(C(F)(Cl)SCl)C(Cl)(OSCl)C12OC1(OCl)S2,19.553567002217314
1895,FC1(Cl)C2=C1S2,27.528084207932427
1897,FSC1(C(Cl)(OCl)OCl)C2(Cl)C3(F)SC321,60.99111287127627
1898,FSC1(F)SS1,6.68999817566559
1908,FC1(OCl)SC12SS2,2.4681776515438174
1909,FC(Cl)(Cl)C(Cl)(Cl)OCl,105.8107314130525
1911,FOC1(F)C(F)=C1OSSn1[nH]s1,63.663815294707106
1912,FC1(F)C(SCl)=C1SCl,95.80892012047875
1913,FNSN(S)C1=C(F)C2(N=C2SCl)N(OF)C2(F)OC(Cl)(SO1)C1(SCl)OC(Cl)(S2)S1,17.622578210120366
1919,OSC1C2SON(SCl)N(C3(Cl)C4(OCl)OC35SC5(Cl)S4)C(SCl)(S2)C2(OS2)SN1O,1.360819465082873
1922,FOC(F)(F)Cl,40.428098271102456
1928,FC(F)(F)SOCl,36.5469093049607
1931,FON(SOCl)C(F)(Cl)Cl,52.798357200446155
1932,ClC1(Cl)N=Nn2[nH]n21,6.3192996733617965
1936,FC1(SCl)SC1(SCl)C1(Cl)SS1,65.16088042144344
1940,Fc1c(Cl)sn1C(F)(Cl)SCl,81.94705749575577
1943,NN(OSCS)OC(F)(SC12C#CC1(SSSC(F)(Cl)C1=NO1)S2)C(Cl)(Cl)OSOSF,12.288267187147243
1944,FC(Cl)(OCl)OSCl,62.995136199284865
1948,FOC(F)(ON1SC1(F)SC(Cl)(OCl)OCl)SF,31.212580824601527
1952,FON(SSF)C1(OF)OC1(Cl)Cl,45.608662887964215
1954,FSC(Cl)(SCl)c1c2[nH]n1-2,86.46891980308908
1958,FC1(OCl)C2=C3N2ON31,8.638275703597825
1960,FSOC1(F)N=N1,9.160858449873833
1966,CNOSSSSC1(Cl)C2(Cl)OSOC(SCl)(SCl)N(SF)N2C12OC2(F)F,11.634173650786487
1969,FC(F)(F)OSCl,36.827336025764346
1973,FSC1(Cl)N=C1Cl,13.129536008595323
1979,FC(F)(Cl)N1C(F)(Cl)OC1(Cl)OCl,79.50149508861693
1994,CNNC1(N)OC(F)N2N=NC(F)(C34ON(OCl)C5(C=C5Cl)SC3(Cl)ON4OF)C(Cl)C21Cl,40.24406422924806
1996,ON(NSF)N(N(ON(OSF)SCl)C1(Cl)N=NSS1)C(F)(OF)SF,18.68353975144163
1997,FON(SF)C(Cl)(Cl)Cl,56.523013464273156
2002,FSC(F)(Cl)N1OC(F)(OCl)C1(Cl)SF,58.91202468582399
2006,FOC(Cl)(Cl)SCl,19.92621543706391
2016,FOC(Cl)(SCl)N1SN2N1C2(Cl)OSSF,22.875100355658137
2025,Clc1c2sn1-2,32.34195944889686
2030,FSC(Cl)(Cl)SSCl,65.20118144296109
2039,FOC12OSOC(Cl)(N(OCl)SCl)N1O2,23.965688967302082
2044,FC(Cl)(Cl)OCl,39.06783159558214
2056,FC(Cl)(Cl)OCl,38.15171839725726
2058,FSSC(F)(F)SN(OCl)SF,49.959894731606646
2064,FSC1=NC1(Cl)SN1N2OC3(F)C(F)=C3C13C(F)=C23,40.55179406317219
2065,FSC(F)(F)SF,17.496972187962182
2067,FC1=C(F)O1,40.84310705212164
2073,FC(Cl)(N(OCl)SC1=NSC1(Cl)OCl)n1os1,49.49128597947946
2077,FON1OC1(Cl)SC1(Cl)OC1(F)Cl,51.61636046027957
2080,FSC(F)(Cl)C(Cl)(OCl)OSSC1(F)OSN=C1Cl,43.94332323284333
2088,FSC1(N2C#CC2(Cl)n2nno2)SC1(F)Cl,40.009247415483685
2091,FC1(Cl)OC1(Cl)SCl,13.786907606001211
2096,ClOC12SC1=C2Cl,23.18100948691437
2098,Fn1[nH]n1SC1(F)SC1(F)Cl,62.26352653179458
2101,FOC(F)(F)SSCl,21.293192532214356
2103,FC(Cl)(Cl)OSOCl,87.58712931227518
2105,FSN(C1(SF)N=C1OSCl)C(Cl)(C(F)(F)Cl)C(F)(F)Cl,51.31206806874178
2115,FC12N3N1C32F,6.534369167064246
2125,FOC(OCl)(OCl)SCl,81.40444186568584
2126,FC(F)(Cl)Cl,44.87744095478815
2132,FSN1OC12C1=NN2OSC#C1,32.03734809414741
2133,ClSC1=NS1,16.805578260431083
2137,FSN(OCl)C1(F)SS1,47.88795644351062
2139,FSOC(Cl)(Cl)C1(Cl)OS1,64.85299865138455
2141,FON(OSCl)C1(F)SC(F)(Cl)C1(OCl)OC1(SF)N=C(Cl)S1,35.73066362973656
2148,ClC1=NS1,26.136939436091915
